-- ============================================
-- FitNeeds DB 샘플 데이터 삽입 SQL
-- 데이터베이스: fitneedsdb
-- DBMS: MariaDB
-- ============================================

USE fitneedsdb;

-- ============================================
-- 1. USER 테이블 샘플 데이터
-- ============================================
INSERT INTO `USER` (`userId`, `email`, `userName`, `password`, `auth`) VALUES
('user001', 'user001@example.com', '홍길동', '$2a$10$Hh5QqEEDzK3CHTha8h7NxuMAgqEAPsMhra1JDEpE26vz4xwZVNwKK', 'USER'),
('user002', 'user002@example.com', '김철수', '$2a$10$Hh5QqEEDzK3CHTha8h7NxuMAgqEAPsMhra1JDEpE26vz4xwZVNwKK', 'USER'),
('user003', 'user003@example.com', '이영희', '$2a$10$Hh5QqEEDzK3CHTha8h7NxuMAgqEAPsMhra1JDEpE26vz4xwZVNwKK', 'USER'),
('user004', 'user004@example.com', '박민수', '$2a$10$Hh5QqEEDzK3CHTha8h7NxuMAgqEAPsMhra1JDEpE26vz4xwZVNwKK', 'USER'),
('user005', 'user005@example.com', '최지은', '$2a$10$Hh5QqEEDzK3CHTha8h7NxuMAgqEAPsMhra1JDEpE26vz4xwZVNwKK', 'USER');

-- ============================================
-- 2. SCHEDULE 테이블 샘플 데이터
-- ============================================
INSERT INTO `SCHEDULE` (`exercise_name`, `exercise_date`, `exercise_location`, `trainer_name`, `capacity`, `current_count`) VALUES
('요가 클래스', '2025-12-20 10:00:00', '강남점', '김요가', 20, 5),
('필라테스', '2025-12-20 14:00:00', '서초점', '이트레이너', 15, 3),
('헬스 트레이닝', '2025-12-21 09:00:00', '강남점', '박헬스', 30, 10),
('요가 클래스', '2025-12-21 10:00:00', '강남점', '김요가', 20, 8),
('필라테스', '2025-12-22 14:00:00', '서초점', '이트레이너', 15, 5),
('헬스 트레이닝', '2025-12-23 09:00:00', '강남점', '박헬스', 30, 12),
('요가 클래스', '2025-12-24 10:00:00', '강남점', '김요가', 20, 15),
('필라테스', '2025-12-25 14:00:00', '서초점', '이트레이너', 15, 8);

-- ============================================
-- 3. TICKET 테이블 샘플 데이터
-- ============================================
INSERT INTO `TICKET` (`usr_id`, `ticket_type`, `remaining_count`, `expiry_date`) VALUES
('user001', '횟수권', 10, '2026-06-30 23:59:59'),
('user001', '기간권', 0, '2026-12-31 23:59:59'),
('user002', '횟수권', 5, '2026-03-31 23:59:59'),
('user003', '기간권', 0, '2026-12-31 23:59:59'),
('user004', '횟수권', 20, '2026-12-31 23:59:59'),
('user005', '횟수권', 3, '2026-01-31 23:59:59');

-- ============================================
-- 4. RESERVATION 테이블 샘플 데이터
-- ============================================
INSERT INTO `RESERVATION` (`usr_id`, `schd_id`, `tkt_id`, `stts_cd`, `reg_dt`, `rsvd_dt`) VALUES
('user001', 1, 1, 'RESERVED', '2025-12-15 10:00:00', '2025-12-20 10:00:00'),
('user001', 2, 1, 'RESERVED', '2025-12-16 14:00:00', '2025-12-20 14:00:00'),
('user002', 1, 3, 'RESERVED', '2025-12-15 11:00:00', '2025-12-20 10:00:00'),
('user002', 3, 3, 'CANCELLED', '2025-12-15 12:00:00', '2025-12-21 09:00:00'),
('user003', 2, 4, 'RESERVED', '2025-12-16 10:00:00', '2025-12-20 14:00:00'),
('user003', 4, 4, 'RESERVED', '2025-12-16 11:00:00', '2025-12-21 10:00:00'),
('user004', 3, 5, 'RESERVED', '2025-12-17 09:00:00', '2025-12-21 09:00:00'),
('user004', 5, 5, 'RESERVED', '2025-12-17 10:00:00', '2025-12-22 14:00:00'),
('user005', 1, 6, 'RESERVED', '2025-12-18 10:00:00', '2025-12-20 10:00:00'),
('user005', 6, 6, 'RESERVED', '2025-12-18 11:00:00', '2025-12-23 09:00:00');

-- ============================================
-- 5. PAYMENT 테이블 샘플 데이터
-- ============================================
INSERT INTO `PAYMENT` (`rsv_id`, `usr_id`, `payment_status`, `payment_amount`, `payment_date`, `reg_dt`) VALUES
(1, 'user001', 'BANK_TRANSFER_COMPLETED', 50000.00, '2025-12-15 10:30:00', '2025-12-15 10:00:00'),
(2, 'user001', 'BANK_TRANSFER_COMPLETED', 60000.00, '2025-12-16 14:30:00', '2025-12-16 14:00:00'),
(3, 'user002', 'BANK_TRANSFER_COMPLETED', 50000.00, '2025-12-15 11:30:00', '2025-12-15 11:00:00'),
(5, 'user003', 'BANK_TRANSFER_COMPLETED', 60000.00, '2025-12-16 10:30:00', '2025-12-16 10:00:00'),
(6, 'user003', 'BANK_TRANSFER_COMPLETED', 50000.00, '2025-12-16 11:30:00', '2025-12-16 11:00:00'),
(7, 'user004', 'BANK_TRANSFER_COMPLETED', 70000.00, '2025-12-17 09:30:00', '2025-12-17 09:00:00'),
(8, 'user004', 'BANK_TRANSFER_COMPLETED', 60000.00, '2025-12-17 10:30:00', '2025-12-17 10:00:00'),
(9, 'user005', 'BANK_TRANSFER_PENDING', 50000.00, NULL, '2025-12-18 10:00:00'),
(10, 'user005', 'BANK_TRANSFER_COMPLETED', 70000.00, '2025-12-18 11:30:00', '2025-12-18 11:00:00');

-- ============================================
-- 6. ATTENDANCE 테이블 샘플 데이터
-- ============================================
INSERT INTO `ATTENDANCE` (`usr_id`, `rsv_id`, `tkt_id`, `prod_id`, `att_dt`, `att_stts_cd`, `mod_dt`) VALUES
('user001', 1, 1, 101, '2025-12-20', 'ATTEND', '2025-12-20 10:00:00'),
('user001', 2, 1, 101, '2025-12-20', 'ATTEND', '2025-12-20 14:00:00'),
('user002', 3, 3, 102, '2025-12-20', 'ATTEND', '2025-12-20 10:00:00'),
('user003', 5, 4, 103, '2025-12-20', 'ATTEND', '2025-12-20 14:00:00'),
('user003', 6, 4, 103, '2025-12-21', 'ATTEND', '2025-12-21 10:00:00'),
('user004', 7, 5, 104, '2025-12-21', 'ATTEND', '2025-12-21 09:00:00'),
('user004', 8, 5, 104, '2025-12-22', 'ABSENT', '2025-12-22 14:00:00'),
('user005', 9, 6, 105, '2025-12-20', 'CANCEL', '2025-12-20 09:00:00'),
('user005', 10, 6, 105, '2025-12-23', 'ATTEND', '2025-12-23 09:00:00');

-- ============================================
-- 7. REVIEW 테이블 샘플 데이터
-- ============================================
INSERT INTO `REVIEW` (`RSV_ID`, `RATING`, `CONTENT`, `INST_ID`, `REG_DT`) VALUES
(1, 5, '정말 좋은 수업이었습니다! 강사님이 친절하시고 수업 내용도 알차요.', 1, '2025-12-20 15:30:00'),
(2, 4, '만족스러운 수업입니다. 다음에도 또 신청하고 싶어요.', 2, '2025-12-20 16:00:00'),
(3, 5, '최고의 수업이었습니다. 강력 추천합니다!', 1, '2025-12-20 15:00:00'),
(5, 4, '좋은 수업이었지만 조금 더 체계적이면 좋을 것 같아요.', 2, '2025-12-20 16:30:00'),
(6, 5, '정말 만족스러운 수업이었습니다. 다음에도 꼭 신청하겠습니다!', 1, '2025-12-21 15:00:00'),
(7, 5, '강사님이 전문적이시고 수업이 체계적이에요. 강추합니다!', 3, '2025-12-21 16:00:00'),
(8, 3, '수업은 괜찮았지만 시설이 조금 아쉬웠어요.', 2, '2025-12-22 16:00:00'),
(10, 5, '완벽한 수업이었습니다! 정말 추천합니다.', 3, '2025-12-23 16:00:00');

